 ALPHA_H ; BETA ; D_AGAP ; R_ROT_OUT ; JT_RMS ; R_ROT_OUT ; V_FE_ST ; V_FE_ROT ; V_PM ; V_COIL ; IT_HAT ; P_CU_TOT ; A_CU ; TZ_ROT ; TZ_ST ;
    0.1400000000000000E+01 ;    0.1000000000000000E+00 ;    0.1500000000000000E+01 ;    0.7500000000000000E+01 ;    0.1000000000000000E+02 ;    0.7500000000000000E+01 ;    0.1759691922664862E+03 ;    0.4480185316277272E+03 ;    0.4800998003947478E+02 ;    0.4073816276950977E+02 ;    0.5881560519726066E+01 ;    0.2737604538111058E-01 ;    0.4158891327457376E+00 ;    0.5622101695543576E-04 ;   -0.2878695298999843E-04 ;
    0.1600000000000000E+01 ;    0.1000000000000000E+00 ;    0.1500000000000000E+01 ;    0.7500000000000000E+01 ;    0.1000000000000000E+02 ;    0.7500000000000000E+01 ;    0.1539730432331754E+03 ;    0.4480185316277272E+03 ;    0.4800998003947478E+02 ;    0.3906717964687065E+02 ;    0.5881560519726066E+01 ;    0.2625314472269708E-01 ;    0.4158891327457376E+00 ;    0.2642746403214151E-04 ;   -0.3761594749650594E-04 ;
    0.1800000000000000E+01 ;    0.1000000000000000E+00 ;    0.1500000000000000E+01 ;    0.7500000000000000E+01 ;    0.1000000000000000E+02 ;    0.7500000000000000E+01 ;    0.1368649273183781E+03 ;    0.4480185316277272E+03 ;    0.4800998003947478E+02 ;    0.3776752610704021E+02 ;    0.5881560519726066E+01 ;    0.2537977754393104E-01 ;    0.4158891327457376E+00 ;    0.5545443542791560E-04 ;   -0.2836193401633650E-04 ;
    0.2000000000000000E+01 ;    0.1000000000000000E+00 ;    0.1500000000000000E+01 ;    0.7500000000000000E+01 ;    0.1000000000000000E+02 ;    0.7500000000000000E+01 ;    0.1231784345865403E+03 ;    0.4480185316277272E+03 ;    0.4800998003947478E+02 ;    0.3672780327517587E+02 ;    0.5881560519726066E+01 ;    0.2468108380091820E-01 ;    0.4158891327457376E+00 ;    0.3362412067379136E-04 ;   -0.3080620641436605E-04 ;
    0.1400000000000000E+01 ;    0.2000000000000000E+00 ;    0.1500000000000000E+01 ;    0.7500000000000000E+01 ;    0.1000000000000000E+02 ;    0.7500000000000000E+01 ;    0.3519383845329724E+03 ;    0.8960370632554544E+03 ;    0.9601996007894957E+02 ;    0.5410602775062277E+02 ;    0.5881560519726066E+01 ;    0.3635925064841852E-01 ;    0.4158891327457376E+00 ;    0.1007725089790818E-03 ;   -0.7215689375754019E-04 ;
    0.1600000000000000E+01 ;    0.2000000000000000E+00 ;    0.1500000000000000E+01 ;    0.7500000000000000E+01 ;    0.1000000000000000E+02 ;    0.7500000000000000E+01 ;    0.3079460864663508E+03 ;    0.8960370632554544E+03 ;    0.9601996007894957E+02 ;    0.5076406150534452E+02 ;    0.5881560519726066E+01 ;    0.3411344933159152E-01 ;    0.4158891327457376E+00 ;    0.1087218546000844E-03 ;   -0.6356118421486984E-04 ;
    0.1800000000000000E+01 ;    0.2000000000000000E+00 ;    0.1500000000000000E+01 ;    0.7500000000000000E+01 ;    0.1000000000000000E+02 ;    0.7500000000000000E+01 ;    0.2737298546367563E+03 ;    0.8960370632554544E+03 ;    0.9601996007894957E+02 ;    0.4816475442568366E+02 ;    0.5881560519726066E+01 ;    0.3236671497405942E-01 ;    0.4158891327457376E+00 ;    0.9034107105575303E-04 ;   -0.6354942271494708E-04 ;
    0.2000000000000000E+01 ;    0.2000000000000000E+00 ;    0.1500000000000000E+01 ;    0.7500000000000000E+01 ;    0.1000000000000000E+02 ;    0.7500000000000000E+01 ;    0.2463568691730806E+03 ;    0.8960370632554544E+03 ;    0.9601996007894957E+02 ;    0.4608530876195496E+02 ;    0.5881560519726066E+01 ;    0.3096932748803375E-01 ;    0.4158891327457376E+00 ;    0.7253823853620295E-04 ;   -0.5986966350377698E-04 ;
    0.1400000000000000E+01 ;    0.3000000000000000E+00 ;    0.1500000000000000E+01 ;    0.7500000000000000E+01 ;    0.1000000000000000E+02 ;    0.7500000000000000E+01 ;    0.5279075767994585E+03 ;    0.1344055594883182E+04 ;    0.1440299401184244E+03 ;    0.6747389273173577E+02 ;    0.5881560519726066E+01 ;    0.4534245591572645E-01 ;    0.4158891327457376E+00 ;    0.1589661038372177E-03 ;   -0.1047079621908935E-03 ;
    0.1600000000000000E+01 ;    0.3000000000000000E+00 ;    0.1500000000000000E+01 ;    0.7500000000000000E+01 ;    0.1000000000000000E+02 ;    0.7500000000000000E+01 ;    0.4619191296995263E+03 ;    0.1344055594883182E+04 ;    0.1440299401184244E+03 ;    0.6246094336381839E+02 ;    0.5881560519726066E+01 ;    0.4197375394048598E-01 ;    0.4158891327457376E+00 ;    0.2019180680524269E-03 ;   -0.1186927433707480E-03 ;
    0.1800000000000000E+01 ;    0.3000000000000000E+00 ;    0.1500000000000000E+01 ;    0.7500000000000000E+01 ;    0.1000000000000000E+02 ;    0.7500000000000000E+01 ;    0.4105947819551345E+03 ;    0.1344055594883182E+04 ;    0.1440299401184244E+03 ;    0.5856198274432711E+02 ;    0.5881560519726066E+01 ;    0.3935365240418783E-01 ;    0.4158891327457376E+00 ;    0.1277078442589076E-03 ;   -0.1105576669365885E-03 ;
    0.2000000000000000E+01 ;    0.3000000000000000E+00 ;    0.1500000000000000E+01 ;    0.7500000000000000E+01 ;    0.1000000000000000E+02 ;    0.7500000000000000E+01 ;    0.3695353037596210E+03 ;    0.1344055594883182E+04 ;    0.1440299401184244E+03 ;    0.5544281424873406E+02 ;    0.5881560519726066E+01 ;    0.3725757117514931E-01 ;    0.4158891327457376E+00 ;    0.1398104120572627E-03 ;   -0.9036606763378922E-04 ;
    0.1400000000000000E+01 ;    0.4000000000000000E+00 ;    0.1500000000000000E+01 ;    0.7500000000000000E+01 ;    0.1000000000000000E+02 ;    0.7500000000000000E+01 ;    0.7038767690659447E+03 ;    0.1792074126510909E+04 ;    0.1920399201578991E+03 ;    0.8084175771284876E+02 ;    0.5881560519726066E+01 ;    0.5432566118303440E-01 ;    0.4158891327457376E+00 ;    0.2102225607445907E-03 ;   -0.1465744370372751E-03 ;
    0.1600000000000000E+01 ;    0.4000000000000000E+00 ;    0.1500000000000000E+01 ;    0.7500000000000000E+01 ;    0.1000000000000000E+02 ;    0.7500000000000000E+01 ;    0.6158921729327017E+03 ;    0.1792074126510909E+04 ;    0.1920399201578991E+03 ;    0.7415782522229226E+02 ;    0.5881560519726066E+01 ;    0.4983405854938042E-01 ;    0.4158891327457376E+00 ;    0.2141014765357799E-03 ;   -0.1634147664866264E-03 ;
    0.1800000000000000E+01 ;    0.4000000000000000E+00 ;    0.1500000000000000E+01 ;    0.7500000000000000E+01 ;    0.1000000000000000E+02 ;    0.7500000000000000E+01 ;    0.5474597092735125E+03 ;    0.1792074126510909E+04 ;    0.1920399201578991E+03 ;    0.6895921106297055E+02 ;    0.5881560519726066E+01 ;    0.4634058983431622E-01 ;    0.4158891327457376E+00 ;    0.1816953301743884E-03 ;   -0.1277074884937935E-03 ;
    0.2000000000000000E+01 ;    0.4000000000000000E+00 ;    0.1500000000000000E+01 ;    0.7500000000000000E+01 ;    0.1000000000000000E+02 ;    0.7500000000000000E+01 ;    0.4927137383461612E+03 ;    0.1792074126510909E+04 ;    0.1920399201578991E+03 ;    0.6480031973551316E+02 ;    0.5881560519726066E+01 ;    0.4354581486226485E-01 ;    0.4158891327457376E+00 ;    0.1628003094211436E-03 ;   -0.1092322116346735E-03 ;
    0.1400000000000000E+01 ;    0.5000000000000000E+00 ;    0.1500000000000000E+01 ;    0.7500000000000000E+01 ;    0.1000000000000000E+02 ;    0.7500000000000000E+01 ;    0.8798459613324309E+03 ;    0.2240092658138636E+04 ;    0.2400499001973739E+03 ;    0.9420962269396175E+02 ;    0.5881560519726066E+01 ;    0.6330886645034232E-01 ;    0.4158891327457376E+00 ;    0.2525954704101948E-03 ;   -0.2174228883941674E-03 ;
    0.1600000000000000E+01 ;    0.5000000000000000E+00 ;    0.1500000000000000E+01 ;    0.7500000000000000E+01 ;    0.1000000000000000E+02 ;    0.7500000000000000E+01 ;    0.7698652161658769E+03 ;    0.2240092658138636E+04 ;    0.2400499001973739E+03 ;    0.8585470708076613E+02 ;    0.5881560519726066E+01 ;    0.5769436315827485E-01 ;    0.4158891327457376E+00 ;    0.2537839351154558E-03 ;   -0.1809328816167166E-03 ;
    0.1800000000000000E+01 ;    0.5000000000000000E+00 ;    0.1500000000000000E+01 ;    0.7500000000000000E+01 ;    0.1000000000000000E+02 ;    0.7500000000000000E+01 ;    0.6843246365918907E+03 ;    0.2240092658138636E+04 ;    0.2400499001973739E+03 ;    0.7935643938161397E+02 ;    0.5881560519726066E+01 ;    0.5332752726444461E-01 ;    0.4158891327457376E+00 ;    0.2736910812269993E-03 ;   -0.1442853174379351E-03 ;
    0.2000000000000000E+01 ;    0.5000000000000000E+00 ;    0.1500000000000000E+01 ;    0.7500000000000000E+01 ;    0.1000000000000000E+02 ;    0.7500000000000000E+01 ;    0.6158921729327016E+03 ;    0.2240092658138636E+04 ;    0.2400499001973739E+03 ;    0.7415782522229225E+02 ;    0.5881560519726066E+01 ;    0.4983405854938041E-01 ;    0.4158891327457376E+00 ;    0.1662876208876616E-03 ;   -0.1724891970577167E-03 ;
    0.1400000000000000E+01 ;    0.1000000000000000E+00 ;    0.2000000000000000E+01 ;    0.7500000000000000E+01 ;    0.1000000000000000E+02 ;    0.7500000000000000E+01 ;    0.1818412782554296E+03 ;    0.4480185316277272E+03 ;    0.4800998003947478E+02 ;    0.2215632233317237E+02 ;    0.3297974496841885E+01 ;    0.1488904860789184E-01 ;    0.2332020130897189E+00 ;    0.2434872416173078E-04 ;   -0.8610668523339857E-05 ;
    0.1600000000000000E+01 ;    0.1000000000000000E+00 ;    0.2000000000000000E+01 ;    0.7500000000000000E+01 ;    0.1000000000000000E+02 ;    0.7500000000000000E+01 ;    0.1591111184735009E+03 ;    0.4480185316277272E+03 ;    0.4800998003947478E+02 ;    0.2121934995915118E+02 ;    0.3297974496841885E+01 ;    0.1425940317254960E-01 ;    0.2332020130897189E+00 ;    0.1598293243710286E-04 ;   -0.4471037604883222E-05 ;
    0.1800000000000000E+01 ;    0.1000000000000000E+00 ;    0.2000000000000000E+01 ;    0.7500000000000000E+01 ;    0.1000000000000000E+02 ;    0.7500000000000000E+01 ;    0.1414321053097786E+03 ;    0.4480185316277272E+03 ;    0.4800998003947478E+02 ;    0.2049059366824580E+02 ;    0.3297974496841885E+01 ;    0.1376967894506119E-01 ;    0.2332020130897189E+00 ;    0.1423081514267336E-04 ;   -0.7610280661726459E-05 ;
    0.2000000000000000E+01 ;    0.1000000000000000E+00 ;    0.2000000000000000E+01 ;    0.7500000000000000E+01 ;    0.1000000000000000E+02 ;    0.7500000000000000E+01 ;    0.1272888947788007E+03 ;    0.4480185316277272E+03 ;    0.4800998003947478E+02 ;    0.1990758863552151E+02 ;    0.3297974496841885E+01 ;    0.1337789956307046E-01 ;    0.2332020130897189E+00 ;    0.2384724975623681E-04 ;   -0.6770854942507854E-05 ;
    0.1400000000000000E+01 ;    0.2000000000000000E+00 ;    0.2000000000000000E+01 ;    0.7500000000000000E+01 ;    0.1000000000000000E+02 ;    0.7500000000000000E+01 ;    0.3636825565108593E+03 ;    0.8960370632554544E+03 ;    0.9601996007894957E+02 ;    0.2965210132534191E+02 ;    0.3297974496841885E+01 ;    0.1992621209062977E-01 ;    0.2332020130897189E+00 ;    0.2232885544106330E-04 ;   -0.2807935032306433E-04 ;
    0.1600000000000000E+01 ;    0.2000000000000000E+00 ;    0.2000000000000000E+01 ;    0.7500000000000000E+01 ;    0.1000000000000000E+02 ;    0.7500000000000000E+01 ;    0.3182222369470019E+03 ;    0.8960370632554544E+03 ;    0.9601996007894957E+02 ;    0.2777815657729952E+02 ;    0.3297974496841885E+01 ;    0.1866692121994529E-01 ;    0.2332020130897189E+00 ;    0.4324303641977079E-04 ;   -0.2540340483356985E-04 ;
    0.1800000000000000E+01 ;    0.2000000000000000E+00 ;    0.2000000000000000E+01 ;    0.7500000000000000E+01 ;    0.1000000000000000E+02 ;    0.7500000000000000E+01 ;    0.2828642106195572E+03 ;    0.8960370632554544E+03 ;    0.9601996007894957E+02 ;    0.2632064399548878E+02 ;    0.3297974496841885E+01 ;    0.1768747276496847E-01 ;    0.2332020130897189E+00 ;    0.5962247553822689E-04 ;   -0.2257772296383693E-04 ;
    0.2000000000000000E+01 ;    0.2000000000000000E+00 ;    0.2000000000000000E+01 ;    0.7500000000000000E+01 ;    0.1000000000000000E+02 ;    0.7500000000000000E+01 ;    0.2545777895576015E+03 ;    0.8960370632554544E+03 ;    0.9601996007894957E+02 ;    0.2515463393004018E+02 ;    0.3297974496841885E+01 ;    0.1690391400098702E-01 ;    0.2332020130897189E+00 ;    0.3958201280378929E-04 ;   -0.1617059210574820E-04 ;
    0.1400000000000000E+01 ;    0.3000000000000000E+00 ;    0.2000000000000000E+01 ;    0.7500000000000000E+01 ;    0.1000000000000000E+02 ;    0.7500000000000000E+01 ;    0.5455238347662889E+03 ;    0.1344055594883182E+04 ;    0.1440299401184244E+03 ;    0.3714788031751144E+02 ;    0.3297974496841885E+01 ;    0.2496337557336770E-01 ;    0.2332020130897189E+00 ;    0.8205574758082316E-04 ;   -0.3855734877122381E-04 ;
    0.1600000000000000E+01 ;    0.3000000000000000E+00 ;    0.2000000000000000E+01 ;    0.7500000000000000E+01 ;    0.1000000000000000E+02 ;    0.7500000000000000E+01 ;    0.4773333554205029E+03 ;    0.1344055594883182E+04 ;    0.1440299401184244E+03 ;    0.3433696319544787E+02 ;    0.3297974496841885E+01 ;    0.2307443926734099E-01 ;    0.2332020130897189E+00 ;    0.7204320008909337E-04 ;   -0.3723251197574779E-04 ;
    0.1800000000000000E+01 ;    0.3000000000000000E+00 ;    0.2000000000000000E+01 ;    0.7500000000000000E+01 ;    0.1000000000000000E+02 ;    0.7500000000000000E+01 ;    0.4242963159293359E+03 ;    0.1344055594883182E+04 ;    0.1440299401184244E+03 ;    0.3215069432273176E+02 ;    0.3297974496841885E+01 ;    0.2160526658487575E-01 ;    0.2332020130897189E+00 ;    0.4671841877322498E-04 ;   -0.4461113017165372E-04 ;
    0.2000000000000000E+01 ;    0.3000000000000000E+00 ;    0.2000000000000000E+01 ;    0.7500000000000000E+01 ;    0.1000000000000000E+02 ;    0.7500000000000000E+01 ;    0.3818666843364023E+03 ;    0.1344055594883182E+04 ;    0.1440299401184244E+03 ;    0.3040167922455886E+02 ;    0.3297974496841885E+01 ;    0.2042992843890357E-01 ;    0.2332020130897189E+00 ;    0.3028131186020255E-04 ;   -0.4457111409543854E-04 ;
    0.1400000000000000E+01 ;    0.4000000000000000E+00 ;    0.2000000000000000E+01 ;    0.7500000000000000E+01 ;    0.1000000000000000E+02 ;    0.7500000000000000E+01 ;    0.7273651130217186E+03 ;    0.1792074126510909E+04 ;    0.1920399201578991E+03 ;    0.4464365930968098E+02 ;    0.3297974496841885E+01 ;    0.3000053905610564E-01 ;    0.2332020130897189E+00 ;    0.6984352118191951E-04 ;   -0.5364730643225718E-04 ;
    0.1600000000000000E+01 ;    0.4000000000000000E+00 ;    0.2000000000000000E+01 ;    0.7500000000000000E+01 ;    0.1000000000000000E+02 ;    0.7500000000000000E+01 ;    0.6364444738940037E+03 ;    0.1792074126510909E+04 ;    0.1920399201578991E+03 ;    0.4089576981359622E+02 ;    0.3297974496841885E+01 ;    0.2748195731473668E-01 ;    0.2332020130897189E+00 ;    0.8552608633983970E-04 ;   -0.4667637084013244E-04 ;
    0.1800000000000000E+01 ;    0.4000000000000000E+00 ;    0.2000000000000000E+01 ;    0.7500000000000000E+01 ;    0.1000000000000000E+02 ;    0.7500000000000000E+01 ;    0.5657284212391145E+03 ;    0.1792074126510909E+04 ;    0.1920399201578991E+03 ;    0.3798074464997473E+02 ;    0.3297974496841885E+01 ;    0.2552306040478303E-01 ;    0.2332020130897189E+00 ;    0.7905448047067030E-04 ;   -0.6186255455999553E-04 ;
    0.2000000000000000E+01 ;    0.4000000000000000E+00 ;    0.2000000000000000E+01 ;    0.7500000000000000E+01 ;    0.1000000000000000E+02 ;    0.7500000000000000E+01 ;    0.5091555791152029E+03 ;    0.1792074126510909E+04 ;    0.1920399201578991E+03 ;    0.3564872451907753E+02 ;    0.3297974496841885E+01 ;    0.2395594287682011E-01 ;    0.2332020130897189E+00 ;    0.7471944450721649E-04 ;   -0.5437252347749800E-04 ;
    0.1400000000000000E+01 ;    0.5000000000000000E+00 ;    0.2000000000000000E+01 ;    0.7500000000000000E+01 ;    0.1000000000000000E+02 ;    0.7500000000000000E+01 ;    0.9092063912771481E+03 ;    0.2240092658138636E+04 ;    0.2400499001973739E+03 ;    0.5213943830185052E+02 ;    0.3297974496841885E+01 ;    0.3503770253884357E-01 ;    0.2332020130897189E+00 ;    0.8382721802677824E-04 ;   -0.9972922250509227E-04 ;
    0.1600000000000000E+01 ;    0.5000000000000000E+00 ;    0.2000000000000000E+01 ;    0.7500000000000000E+01 ;    0.1000000000000000E+02 ;    0.7500000000000000E+01 ;    0.7955555923675046E+03 ;    0.2240092658138636E+04 ;    0.2400499001973739E+03 ;    0.4745457643174455E+02 ;    0.3297974496841885E+01 ;    0.3188947536213235E-01 ;    0.2332020130897189E+00 ;    0.1449515899451083E-03 ;   -0.7876546827812175E-04 ;
    0.1800000000000000E+01 ;    0.5000000000000000E+00 ;    0.2000000000000000E+01 ;    0.7500000000000000E+01 ;    0.1000000000000000E+02 ;    0.7500000000000000E+01 ;    0.7071605265488930E+03 ;    0.2240092658138636E+04 ;    0.2400499001973739E+03 ;    0.4381079497721770E+02 ;    0.3297974496841885E+01 ;    0.2944085422469031E-01 ;    0.2332020130897189E+00 ;    0.1044972674464297E-03 ;   -0.6929449028501399E-04 ;
    0.2000000000000000E+01 ;    0.5000000000000000E+00 ;    0.2000000000000000E+01 ;    0.7500000000000000E+01 ;    0.1000000000000000E+02 ;    0.7500000000000000E+01 ;    0.6364444738940036E+03 ;    0.2240092658138636E+04 ;    0.2400499001973739E+03 ;    0.4089576981359621E+02 ;    0.3297974496841885E+01 ;    0.2748195731473667E-01 ;    0.2332020130897189E+00 ;    0.1645633536752621E-03 ;   -0.5387283360845538E-04 ;
    0.1400000000000000E+01 ;    0.1000000000000000E+00 ;    0.2500000000000000E+01 ;    0.7500000000000000E+01 ;    0.1000000000000000E+02 ;    0.7500000000000000E+01 ;    0.1860303681799500E+03 ;    0.4480185316277272E+03 ;    0.4800998003947478E+02 ;    0.9471052142848992E+01 ;    0.1454868963650765E+01 ;    0.6364547039994525E-02 ;    0.1028747709935300E+00 ;    0.1325523188579295E-04 ;   -0.3294924227654374E-05 ;
    0.1600000000000000E+01 ;    0.1000000000000000E+00 ;    0.2500000000000000E+01 ;    0.7500000000000000E+01 ;    0.1000000000000000E+02 ;    0.7500000000000000E+01 ;    0.1627765721574563E+03 ;    0.4480185316277272E+03 ;    0.4800998003947478E+02 ;    0.9057716009392843E+01 ;    0.1454868963650765E+01 ;    0.6086785158311995E-02 ;    0.1028747709935300E+00 ;    0.1640426533654438E-04 ;   -0.2257903045666757E-05 ;
    0.1800000000000000E+01 ;    0.1000000000000000E+00 ;    0.2500000000000000E+01 ;    0.7500000000000000E+01 ;    0.1000000000000000E+02 ;    0.7500000000000000E+01 ;    0.1446902863621833E+03 ;    0.4480185316277272E+03 ;    0.4800998003947478E+02 ;    0.8736232350038060E+01 ;    0.1454868963650765E+01 ;    0.5870748139225580E-02 ;    0.1028747709935300E+00 ;    0.3364530243919466E-04 ;   -0.3089540147960472E-05 ;
    0.2000000000000000E+01 ;    0.1000000000000000E+00 ;    0.2500000000000000E+01 ;    0.7500000000000000E+01 ;    0.1000000000000000E+02 ;    0.7500000000000000E+01 ;    0.1302212577259650E+03 ;    0.4480185316277272E+03 ;    0.4800998003947478E+02 ;    0.8479045422554238E+01 ;    0.1454868963650765E+01 ;    0.5697918523956450E-02 ;    0.1028747709935300E+00 ;    0.2257269114400009E-04 ;   -0.1268985637425882E-05 ;
    0.1400000000000000E+01 ;    0.2000000000000000E+00 ;    0.2500000000000000E+01 ;    0.7500000000000000E+01 ;    0.1000000000000000E+02 ;    0.7500000000000000E+01 ;    0.3720607363599000E+03 ;    0.8960370632554544E+03 ;    0.9601996007894957E+02 ;    0.1277774121049817E+02 ;    0.1454868963650765E+01 ;    0.8586642093454775E-02 ;    0.1028747709935300E+00 ;   -0.6749716709371595E-05 ;   -0.7568961269437599E-05 ;
    0.1600000000000000E+01 ;    0.2000000000000000E+00 ;    0.2500000000000000E+01 ;    0.7500000000000000E+01 ;    0.1000000000000000E+02 ;    0.7500000000000000E+01 ;    0.3255531443149125E+03 ;    0.8960370632554544E+03 ;    0.9601996007894957E+02 ;    0.1195106894358588E+02 ;    0.1454868963650765E+01 ;    0.8031118330089713E-02 ;    0.1028747709935300E+00 ;    0.7963417638591135E-05 ;   -0.6566337873175584E-05 ;
    0.1800000000000000E+01 ;    0.2000000000000000E+00 ;    0.2500000000000000E+01 ;    0.7500000000000000E+01 ;    0.1000000000000000E+02 ;    0.7500000000000000E+01 ;    0.2893805727243667E+03 ;    0.8960370632554544E+03 ;    0.9601996007894957E+02 ;    0.1130810162487631E+02 ;    0.1454868963650765E+01 ;    0.7599044291916887E-02 ;    0.1028747709935300E+00 ;   -0.2135834141810736E-04 ;   -0.1056227010599528E-04 ;
    0.2000000000000000E+01 ;    0.2000000000000000E+00 ;    0.2500000000000000E+01 ;    0.7500000000000000E+01 ;    0.1000000000000000E+02 ;    0.7500000000000000E+01 ;    0.2604425154519299E+03 ;    0.8960370632554544E+03 ;    0.9601996007894957E+02 ;    0.1079372776990866E+02 ;    0.1454868963650765E+01 ;    0.7253385061378624E-02 ;    0.1028747709935300E+00 ;    0.2091920102238992E-04 ;   -0.7164692368088886E-05 ;
    0.1400000000000000E+01 ;    0.3000000000000000E+00 ;    0.2500000000000000E+01 ;    0.7500000000000000E+01 ;    0.1000000000000000E+02 ;    0.7500000000000000E+01 ;    0.5580911045398500E+03 ;    0.1344055594883182E+04 ;    0.1440299401184244E+03 ;    0.1608443027814735E+02 ;    0.1454868963650765E+01 ;    0.1080873714691503E-01 ;    0.1028747709935300E+00 ;    0.2115791615614454E-04 ;   -0.1127327810065577E-04 ;
    0.1600000000000000E+01 ;    0.3000000000000000E+00 ;    0.2500000000000000E+01 ;    0.7500000000000000E+01 ;    0.1000000000000000E+02 ;    0.7500000000000000E+01 ;    0.4883297164723688E+03 ;    0.1344055594883182E+04 ;    0.1440299401184244E+03 ;    0.1484442187777891E+02 ;    0.1454868963650765E+01 ;    0.9975451501867435E-02 ;    0.1028747709935300E+00 ;    0.1810508387004481E-04 ;   -0.1377232110370717E-04 ;
    0.1800000000000000E+01 ;    0.3000000000000000E+00 ;    0.2500000000000000E+01 ;    0.7500000000000000E+01 ;    0.1000000000000000E+02 ;    0.7500000000000000E+01 ;    0.4340708590865501E+03 ;    0.1344055594883182E+04 ;    0.1440299401184244E+03 ;    0.1387997089971457E+02 ;    0.1454868963650765E+01 ;    0.9327340444608194E-02 ;    0.1028747709935300E+00 ;    0.2653430722130090E-04 ;   -0.1105863653505471E-04 ;
    0.2000000000000000E+01 ;    0.3000000000000000E+00 ;    0.2500000000000000E+01 ;    0.7500000000000000E+01 ;    0.1000000000000000E+02 ;    0.7500000000000000E+01 ;    0.3906637731778950E+03 ;    0.1344055594883182E+04 ;    0.1440299401184244E+03 ;    0.1310841011726309E+02 ;    0.1454868963650765E+01 ;    0.8808851598800800E-02 ;    0.1028747709935300E+00 ;    0.1929129606330616E-04 ;   -0.1682506141257117E-04 ;
    0.1400000000000000E+01 ;    0.4000000000000000E+00 ;    0.2500000000000000E+01 ;    0.7500000000000000E+01 ;    0.1000000000000000E+02 ;    0.7500000000000000E+01 ;    0.7441214727198000E+03 ;    0.1792074126510909E+04 ;    0.1920399201578991E+03 ;    0.1939111934579653E+02 ;    0.1454868963650765E+01 ;    0.1303083220037528E-01 ;    0.1028747709935300E+00 ;    0.7920598475487655E-04 ;   -0.1878199855794923E-04 ;
    0.1600000000000000E+01 ;    0.4000000000000000E+00 ;    0.2500000000000000E+01 ;    0.7500000000000000E+01 ;    0.1000000000000000E+02 ;    0.7500000000000000E+01 ;    0.6511062886298250E+03 ;    0.1792074126510909E+04 ;    0.1920399201578991E+03 ;    0.1773777481197194E+02 ;    0.1454868963650765E+01 ;    0.1191978467364515E-01 ;    0.1028747709935300E+00 ;    0.3970978733129267E-04 ;   -0.2151267954719064E-04 ;
    0.1800000000000000E+01 ;    0.4000000000000000E+00 ;    0.2500000000000000E+01 ;    0.7500000000000000E+01 ;    0.1000000000000000E+02 ;    0.7500000000000000E+01 ;    0.5787611454487334E+03 ;    0.1792074126510909E+04 ;    0.1920399201578991E+03 ;    0.1645184017455281E+02 ;    0.1454868963650765E+01 ;    0.1105563659729950E-01 ;    0.1028747709935300E+00 ;    0.4014495427927656E-04 ;   -0.1550655801863241E-04 ;
    0.2000000000000000E+01 ;    0.4000000000000000E+00 ;    0.2500000000000000E+01 ;    0.7500000000000000E+01 ;    0.1000000000000000E+02 ;    0.7500000000000000E+01 ;    0.5208850309038598E+03 ;    0.1792074126510909E+04 ;    0.1920399201578991E+03 ;    0.1542309246461751E+02 ;    0.1454868963650765E+01 ;    0.1036431813622297E-01 ;    0.1028747709935300E+00 ;    0.4749854610053586E-04 ;   -0.1055364131495518E-04 ;
    0.1400000000000000E+01 ;    0.5000000000000000E+00 ;    0.2500000000000000E+01 ;    0.7500000000000000E+01 ;    0.1000000000000000E+02 ;    0.7500000000000000E+01 ;    0.9301518408997499E+03 ;    0.2240092658138636E+04 ;    0.2400499001973739E+03 ;    0.2269780841344571E+02 ;    0.1454868963650765E+01 ;    0.1525292725383553E-01 ;    0.1028747709935300E+00 ;    0.5436244574812101E-04 ;   -0.2505371274729490E-04 ;
    0.1600000000000000E+01 ;    0.5000000000000000E+00 ;    0.2500000000000000E+01 ;    0.7500000000000000E+01 ;    0.1000000000000000E+02 ;    0.7500000000000000E+01 ;    0.8138828607872811E+03 ;    0.2240092658138636E+04 ;    0.2400499001973739E+03 ;    0.2063112774616497E+02 ;    0.1454868963650765E+01 ;    0.1386411784542287E-01 ;    0.1028747709935300E+00 ;    0.4797054876251076E-04 ;   -0.2448044921751703E-04 ;
    0.1800000000000000E+01 ;    0.5000000000000000E+00 ;    0.2500000000000000E+01 ;    0.7500000000000000E+01 ;    0.1000000000000000E+02 ;    0.7500000000000000E+01 ;    0.7234514318109166E+03 ;    0.2240092658138636E+04 ;    0.2400499001973739E+03 ;    0.1902370944939107E+02 ;    0.1454868963650765E+01 ;    0.1278393274999081E-01 ;    0.1028747709935300E+00 ;    0.2942388267164305E-04 ;   -0.1871897495875435E-04 ;
    0.2000000000000000E+01 ;    0.5000000000000000E+00 ;    0.2500000000000000E+01 ;    0.7500000000000000E+01 ;    0.1000000000000000E+02 ;    0.7500000000000000E+01 ;    0.6511062886298249E+03 ;    0.2240092658138636E+04 ;    0.2400499001973739E+03 ;    0.1773777481197194E+02 ;    0.1454868963650765E+01 ;    0.1191978467364515E-01 ;    0.1028747709935300E+00 ;    0.6278642683708334E-04 ;   -0.2005004437191589E-04 ;
    0.1400000000000000E+01 ;    0.1000000000000000E+00 ;    0.3000000000000000E+01 ;    0.7500000000000000E+01 ;    0.1000000000000000E+02 ;    0.7500000000000000E+01 ;    0.1885364620400472E+03 ;    0.4480185316277272E+03 ;    0.4800998003947478E+02 ;    0.2219714492238599E+01 ;    0.3522439201527087E+00 ;    0.1491648138784339E-02 ;    0.2490740645717131E-01 ;    0.1092179990414965E-04 ;   -0.4399150580515619E-06 ;
    0.1600000000000000E+01 ;    0.1000000000000000E+00 ;    0.3000000000000000E+01 ;    0.7500000000000000E+01 ;    0.1000000000000000E+02 ;    0.7500000000000000E+01 ;    0.1649694042850413E+03 ;    0.4480185316277272E+03 ;    0.4800998003947478E+02 ;    0.2119640091294608E+01 ;    0.3522439201527087E+00 ;    0.1424398141349977E-02 ;    0.2490740645717131E-01 ;   -0.8625583151337575E-05 ;   -0.7672206063802320E-06 ;
    0.1800000000000000E+01 ;    0.1000000000000000E+00 ;    0.3000000000000000E+01 ;    0.7500000000000000E+01 ;    0.1000000000000000E+02 ;    0.7500000000000000E+01 ;    0.1466394704755923E+03 ;    0.4480185316277272E+03 ;    0.4800998003947478E+02 ;    0.2041804446115947E+01 ;    0.3522439201527087E+00 ;    0.1372092587789917E-02 ;    0.2490740645717131E-01 ;    0.3209532409326898E-04 ;   -0.5572937364998016E-06 ;
    0.2000000000000000E+01 ;    0.1000000000000000E+00 ;    0.3000000000000000E+01 ;    0.7500000000000000E+01 ;    0.1000000000000000E+02 ;    0.7500000000000000E+01 ;    0.1319755234280330E+03 ;    0.4480185316277272E+03 ;    0.4800998003947478E+02 ;    0.1979535929973019E+01 ;    0.3522439201527087E+00 ;    0.1330248144941869E-02 ;    0.2490740645717131E-01 ;   -0.8638289677426216E-05 ;   -0.2002688237295943E-06 ;
    0.1400000000000000E+01 ;    0.2000000000000000E+00 ;    0.3000000000000000E+01 ;    0.7500000000000000E+01 ;    0.1000000000000000E+02 ;    0.7500000000000000E+01 ;    0.3770729240800945E+03 ;    0.8960370632554544E+03 ;    0.9601996007894957E+02 ;    0.3020309699790535E+01 ;    0.3522439201527087E+00 ;    0.2029648118259240E-02 ;    0.2490740645717131E-01 ;    0.7137462248777775E-05 ;   -0.1548211785918080E-05 ;
    0.1600000000000000E+01 ;    0.2000000000000000E+00 ;    0.3000000000000000E+01 ;    0.7500000000000000E+01 ;    0.1000000000000000E+02 ;    0.7500000000000000E+01 ;    0.3299388085700826E+03 ;    0.8960370632554544E+03 ;    0.9601996007894957E+02 ;    0.2820160897902551E+01 ;    0.3522439201527087E+00 ;    0.1895148123390515E-02 ;    0.2490740645717131E-01 ;   -0.3164315571413902E-05 ;   -0.4796259019600597E-06 ;
    0.1800000000000000E+01 ;    0.2000000000000000E+00 ;    0.3000000000000000E+01 ;    0.7500000000000000E+01 ;    0.1000000000000000E+02 ;    0.7500000000000000E+01 ;    0.2932789409511846E+03 ;    0.8960370632554544E+03 ;    0.9601996007894957E+02 ;    0.2664489607545231E+01 ;    0.3522439201527087E+00 ;    0.1790537016270396E-02 ;    0.2490740645717131E-01 ;    0.1110770848737750E-04 ;   -0.9829854210307965E-06 ;
    0.2000000000000000E+01 ;    0.2000000000000000E+00 ;    0.3000000000000000E+01 ;    0.7500000000000000E+01 ;    0.1000000000000000E+02 ;    0.7500000000000000E+01 ;    0.2639510468560661E+03 ;    0.8960370632554544E+03 ;    0.9601996007894957E+02 ;    0.2539952575259374E+01 ;    0.3522439201527087E+00 ;    0.1706848130574300E-02 ;    0.2490740645717131E-01 ;   -0.7286975404175625E-05 ;   -0.7768325837129967E-06 ;
    0.1400000000000000E+01 ;    0.3000000000000000E+00 ;    0.3000000000000000E+01 ;    0.7500000000000000E+01 ;    0.1000000000000000E+02 ;    0.7500000000000000E+01 ;    0.5656093861201417E+03 ;    0.1344055594883182E+04 ;    0.1440299401184244E+03 ;    0.3820904907342470E+01 ;    0.3522439201527087E+00 ;    0.2567648097734140E-02 ;    0.2490740645717131E-01 ;   -0.5219338093770311E-05 ;   -0.2131088370786395E-05 ;
    0.1600000000000000E+01 ;    0.3000000000000000E+00 ;    0.3000000000000000E+01 ;    0.7500000000000000E+01 ;    0.1000000000000000E+02 ;    0.7500000000000000E+01 ;    0.4949082128551240E+03 ;    0.1344055594883182E+04 ;    0.1440299401184244E+03 ;    0.3520681704510494E+01 ;    0.3522439201527087E+00 ;    0.2365898105431053E-02 ;    0.2490740645717131E-01 ;    0.5161478835525513E-05 ;   -0.2291598952256445E-05 ;
    0.1800000000000000E+01 ;    0.3000000000000000E+00 ;    0.3000000000000000E+01 ;    0.7500000000000000E+01 ;    0.1000000000000000E+02 ;    0.7500000000000000E+01 ;    0.4399184114267769E+03 ;    0.1344055594883182E+04 ;    0.1440299401184244E+03 ;    0.3287174768974513E+01 ;    0.3522439201527087E+00 ;    0.2208981444750874E-02 ;    0.2490740645717131E-01 ;   -0.2938044415897478E-05 ;   -0.1898632762453711E-05 ;
    0.2000000000000000E+01 ;    0.3000000000000000E+00 ;    0.3000000000000000E+01 ;    0.7500000000000000E+01 ;    0.1000000000000000E+02 ;    0.7500000000000000E+01 ;    0.3959265702840992E+03 ;    0.1344055594883182E+04 ;    0.1440299401184244E+03 ;    0.3100369220545728E+01 ;    0.3522439201527087E+00 ;    0.2083448116206730E-02 ;    0.2490740645717131E-01 ;    0.2520505587090674E-04 ;   -0.2879522873787861E-06 ;
    0.1400000000000000E+01 ;    0.4000000000000000E+00 ;    0.3000000000000000E+01 ;    0.7500000000000000E+01 ;    0.1000000000000000E+02 ;    0.7500000000000000E+01 ;    0.7541458481601890E+03 ;    0.1792074126510909E+04 ;    0.1920399201578991E+03 ;    0.4621500114894405E+01 ;    0.3522439201527087E+00 ;    0.3105648077209042E-02 ;    0.2490740645717131E-01 ;   -0.4865804866817879E-04 ;   -0.7698925707051249E-05 ;
    0.1600000000000000E+01 ;    0.4000000000000000E+00 ;    0.3000000000000000E+01 ;    0.7500000000000000E+01 ;    0.1000000000000000E+02 ;    0.7500000000000000E+01 ;    0.6598776171401653E+03 ;    0.1792074126510909E+04 ;    0.1920399201578991E+03 ;    0.4221202511118437E+01 ;    0.3522439201527087E+00 ;    0.2836648087471591E-02 ;    0.2490740645717131E-01 ;   -0.2339978442684285E-04 ;   -0.2937573600513269E-05 ;
    0.1800000000000000E+01 ;    0.4000000000000000E+00 ;    0.3000000000000000E+01 ;    0.7500000000000000E+01 ;    0.1000000000000000E+02 ;    0.7500000000000000E+01 ;    0.5865578819023691E+03 ;    0.1792074126510909E+04 ;    0.1920399201578991E+03 ;    0.3909859930403796E+01 ;    0.3522439201527087E+00 ;    0.2627425873231352E-02 ;    0.2490740645717131E-01 ;    0.2182382273045743E-04 ;   -0.2726202331273449E-05 ;
    0.2000000000000000E+01 ;    0.4000000000000000E+00 ;    0.3000000000000000E+01 ;    0.7500000000000000E+01 ;    0.1000000000000000E+02 ;    0.7500000000000000E+01 ;    0.5279020937121321E+03 ;    0.1792074126510909E+04 ;    0.1920399201578991E+03 ;    0.3660785865832082E+01 ;    0.3522439201527087E+00 ;    0.2460048101839160E-02 ;    0.2490740645717131E-01 ;    0.1353424620659810E-04 ;   -0.2912691108118746E-05 ;
    0.1400000000000000E+01 ;    0.5000000000000000E+00 ;    0.3000000000000000E+01 ;    0.7500000000000000E+01 ;    0.1000000000000000E+02 ;    0.7500000000000000E+01 ;    0.9426823102002361E+03 ;    0.2240092658138636E+04 ;    0.2400499001973739E+03 ;    0.5422095322446340E+01 ;    0.3522439201527087E+00 ;    0.3643648056683942E-02 ;    0.2490740645717131E-01 ;    0.2305030994121878E-04 ;    0.7686837310437140E-06 ;
    0.1600000000000000E+01 ;    0.5000000000000000E+00 ;    0.3000000000000000E+01 ;    0.7500000000000000E+01 ;    0.1000000000000000E+02 ;    0.7500000000000000E+01 ;    0.8248470214252064E+03 ;    0.2240092658138636E+04 ;    0.2400499001973739E+03 ;    0.4921723317726380E+01 ;    0.3522439201527087E+00 ;    0.3307398069512129E-02 ;    0.2490740645717131E-01 ;   -0.1135508229310334E-04 ;   -0.5131677504229544E-05 ;
    0.1800000000000000E+01 ;    0.5000000000000000E+00 ;    0.3000000000000000E+01 ;    0.7500000000000000E+01 ;    0.1000000000000000E+02 ;    0.7500000000000000E+01 ;    0.7331973523779614E+03 ;    0.2240092658138636E+04 ;    0.2400499001973739E+03 ;    0.4532545091833079E+01 ;    0.3522439201527087E+00 ;    0.3045870301711830E-02 ;    0.2490740645717131E-01 ;   -0.5382642593245254E-04 ;   -0.3403121707246228E-05 ;
    0.2000000000000000E+01 ;    0.5000000000000000E+00 ;    0.3000000000000000E+01 ;    0.7500000000000000E+01 ;    0.1000000000000000E+02 ;    0.7500000000000000E+01 ;    0.6598776171401652E+03 ;    0.2240092658138636E+04 ;    0.2400499001973739E+03 ;    0.4221202511118436E+01 ;    0.3522439201527087E+00 ;    0.2836648087471591E-02 ;    0.2490740645717131E-01 ;    0.6623223666090620E-05 ;   -0.4131390705930128E-05 ;
